target_id	length	eff_length	est_counts	tpm
NODE_1_length_2165_cov_5.655253	2165	2028.36	349	1463.35
NODE_2_length_1770_cov_5.147956	1770	1633.36	289	1504.82
NODE_3_length_1655_cov_2.620838	1655	1518.36	126	705.772
NODE_4_length_1623_cov_2.693711	1623	1486.36	126	720.966
NODE_5_length_1452_cov_10.622974	1452	1315.36	449	2903.15
NODE_6_length_1231_cov_2.346411	1231	1094.36	83	645.04
NODE_7_length_1194_cov_1.978467	1194	1057.36	66	530.872
NODE_8_length_1162_cov_3.244464	1162	1025.36	107	887.516
NODE_9_length_1159_cov_2.329485	1159	1022.36	87	723.743
NODE_10_length_1052_cov_3.455348	1052	915.357	99	919.84
NODE_11_length_1051_cov_11.930255	1051	914.357	350	3255.52
NODE_12_length_1006_cov_2.905447	1006	869.357	81	792.418
NODE_13_length_1000_cov_3.957601	1000	863.357	110	1083.6
NODE_14_length_995_cov_3.329522	995	858.357	92	911.565
NODE_15_length_983_cov_2.010526	983	846.357	55	552.684
NODE_16_length_964_cov_7.210526	964	827.357	191	1963.4
NODE_17_length_964_cov_3.582170	964	827.357	98	1007.4
NODE_18_length_958_cov_3.624865	958	821.357	95	983.692
NODE_19_length_940_cov_6.318633	940	803.357	176	1863.25
NODE_20_length_938_cov_4.708287	938	801.357	121	1284.18
NODE_21_length_908_cov_13.398857	908	771.357	337	3715.71
NODE_22_length_893_cov_4.558140	893	756.357	111	1248.14
NODE_23_length_887_cov_3.985948	887	750.357	96	1088.11
NODE_24_length_884_cov_2.310223	884	747.357	58	660.036
NODE_25_length_883_cov_5.422353	883	746.357	137	1561.14
NODE_26_length_845_cov_1.820197	845	708.357	44	528.285
NODE_27_length_844_cov_4.969174	844	707.357	116	1394.72
NODE_28_length_837_cov_14.550995	837	700.357	334	4055.97
NODE_29_length_835_cov_5.720698	835	698.357	146	1778.05
NODE_30_length_825_cov_3.960859	825	688.357	86	1062.56
NODE_31_length_823_cov_2.821519	823	686.357	64	793.044
NODE_32_length_820_cov_4.593393	820	683.357	104	1294.35
NODE_33_length_810_cov_8.665380	810	673.357	196	2475.59
NODE_34_length_796_cov_8.798165	796	659.357	195	2515.25
NODE_35_length_796_cov_8.217562	796	659.357	178	2295.97
NODE_36_length_786_cov_2.262948	786	649.357	55	720.355
NODE_37_length_769_cov_12.572011	769	632.357	279	3752.4
NODE_38_length_769_cov_6.346467	769	632.357	131	1761.88
NODE_39_length_768_cov_2.066667	768	631.357	46	619.656
NODE_40_length_767_cov_1.985014	767	630.357	42	566.67
NODE_41_length_742_cov_6.825106	742	605.357	137	1924.76
NODE_42_length_740_cov_13.101839	740	603.357	263	3707.23
NODE_43_length_730_cov_3.515065	730	593.357	69	989.01
NODE_44_length_723_cov_1.437681	723	586.357	29	420.633
NODE_45_length_716_cov_13.355783	716	579.357	187	2745.13
NODE_46_length_710_cov_9.316100	710	573.357	177	2625.52
NODE_47_length_704_cov_2.023845	704	567.357	38	569.633
NODE_48_length_704_cov_1.806259	704	567.357	33	494.681
NODE_49_length_702_cov_2.186846	702	565.357	42	631.821
NODE_50_length_697_cov_10.706325	697	560.357	203	3081.05
NODE_51_length_696_cov_5.998492	696	559.357	111	1687.72
NODE_52_length_691_cov_2.182371	691	554.357	43	659.7
NODE_53_length_686_cov_2.245023	686	549.357	44	681.186
NODE_54_length_681_cov_2.972222	681	544.357	56	874.927
NODE_55_length_679_cov_4.656347	679	542.411	86	1348.46
NODE_56_length_672_cov_6.339593	672	535.411	131	2080.9
NODE_57_length_669_cov_2.334906	669	532.411	43	686.893
NODE_58_length_666_cov_2.145340	666	529.411	40	642.591
NODE_59_length_662_cov_4.015898	662	525.411	73	1181.66
NODE_60_length_659_cov_8.771565	659	522.411	162	2637.36
NODE_61_length_657_cov_4.480769	657	520.411	86	1405.46
NODE_62_length_656_cov_12.664526	656	519.411	228	3733.28
NODE_63_length_653_cov_5.470968	653	516.411	99	1630.45
NODE_64_length_646_cov_5.871126	646	509.411	103	1719.64
NODE_65_length_646_cov_5.394780	646	509.411	106	1769.72
NODE_66_length_645_cov_3.014706	645	508.411	53	886.601
NODE_67_length_641_cov_6.626645	641	504.411	115	1939.01
NODE_68_length_640_cov_1.540362	640	503.411	30	506.834
NODE_69_length_637_cov_5.956954	637	500.411	105	1784.55
NODE_70_length_637_cov_2.253311	637	500.411	40	679.83
NODE_71_length_629_cov_5.483221	629	492.411	94	1623.56
NODE_72_length_625_cov_6.790541	625	488.411	114	1985.12
NODE_73_length_625_cov_3.479730	625	488.411	61	1062.21
NODE_74_length_617_cov_14.013699	617	480.411	227	4018.65
NODE_75_length_616_cov_1.878216	616	479.411	29	514.467
NODE_76_length_612_cov_1.490501	612	475.411	26	465.127
NODE_77_length_611_cov_3.614187	611	474.411	62	1111.49
NODE_78_length_606_cov_2.282723	606	469.411	43	779.081
NODE_79_length_602_cov_2.219684	602	465.411	36	657.86
NODE_80_length_594_cov_2.768271	594	457.411	58	1078.42
NODE_81_length_587_cov_1.873646	587	450.411	33	623.121
NODE_82_length_583_cov_6.038182	583	446.411	95	1809.91
NODE_83_length_583_cov_3.567273	583	446.411	54	1028.79
NODE_84_length_581_cov_9.947080	581	444.411	154	2947.16
NODE_85_length_578_cov_6.029358	578	441.411	91	1753.34
NODE_86_length_578_cov_2.618349	578	441.411	46	886.303
NODE_87_length_573_cov_11.962963	573	436.455	200	3897.25
NODE_88_length_572_cov_6.467532	572	435.455	98	1914.04
NODE_89_length_570_cov_2.411546	570	433.455	37	725.981
NODE_90_length_566_cov_2.202627	566	429.455	35	693.135
NODE_91_length_564_cov_2.184557	564	427.455	31	616.792
NODE_92_length_563_cov_3.245283	563	426.455	48	957.272
NODE_93_length_559_cov_6.093156	559	422.455	78	1570.3
NODE_94_length_557_cov_11.127863	557	420.455	166	3357.81
NODE_95_length_553_cov_3.734615	553	416.455	57	1164.06
NODE_96_length_548_cov_2.217476	548	411.455	34	702.787
NODE_97_length_547_cov_2.249027	547	410.455	38	787.382
NODE_98_length_543_cov_2.025490	543	406.455	32	669.584
NODE_99_length_542_cov_1.546169	542	405.455	32	671.235
NODE_100_length_540_cov_5.684418	540	403.455	83	1749.65
NODE_101_length_535_cov_1.994024	535	398.455	29	618.994
NODE_102_length_534_cov_9.744511	534	397.455	142	3038.56
NODE_103_length_534_cov_7.656687	534	397.455	112	2396.61
NODE_104_length_531_cov_4.869478	531	394.455	71	1530.83
NODE_105_length_527_cov_4.651822	527	390.494	65	1415.68
NODE_106_length_526_cov_8.283976	526	389.494	126	2751.29
NODE_107_length_525_cov_5.979675	525	388.494	87	1904.59
NODE_108_length_523_cov_14.704082	523	386.494	206	4533.06
NODE_109_length_523_cov_8.618367	523	386.494	124	2728.64
NODE_110_length_518_cov_24.202062	518	381.494	332	7401.46
NODE_111_length_516_cov_1.540373	516	379.494	21	470.632
NODE_112_length_505_cov_6.281780	505	368.494	87	2007.96
NODE_113_length_497_cov_11.640086	497	360.494	155	3656.8
NODE_114_length_493_cov_2.217391	493	356.494	30	715.708
NODE_115_length_492_cov_2.126362	492	355.494	34	813.418
NODE_116_length_490_cov_14.409190	490	353.494	185	4450.99
NODE_117_length_489_cov_8.572368	489	352.494	112	2702.3
NODE_118_length_488_cov_16.639560	488	351.494	217	5250.6
NODE_119_length_486_cov_1.710817	486	349.494	22	535.365
NODE_120_length_485_cov_14.515487	485	348.494	186	4539.26
NODE_121_length_477_cov_10.488739	477	340.494	134	3347.05
NODE_122_length_477_cov_8.988739	477	340.494	118	2947.4
NODE_123_length_473_cov_13.877273	473	336.494	174	4397.83
NODE_124_length_472_cov_12.141230	472	335.494	151	3827.89
NODE_125_length_470_cov_17.780320	470	333.494	224	5712.51
NODE_126_length_470_cov_2.542334	470	333.494	46	1173.1
NODE_127_length_466_cov_1.193995	466	329.494	16	412.99
NODE_128_length_465_cov_4.386574	465	328.494	54	1398.08
NODE_129_length_465_cov_1.525463	465	328.494	20	517.809
NODE_130_length_464_cov_1.939675	464	327.494	25	649.238
NODE_131_length_461_cov_1.492991	461	324.494	21	550.401
NODE_132_length_460_cov_2.100703	460	323.494	27	709.847
NODE_133_length_459_cov_14.000000	459	322.494	169	4456.89
NODE_134_length_459_cov_2.551643	459	322.494	35	923.025
NODE_135_length_457_cov_12.134434	457	320.527	146	3873.97
NODE_136_length_456_cov_5.848700	456	319.527	69	1836.58
NODE_137_length_456_cov_3.749409	456	319.527	47	1251
NODE_138_length_456_cov_2.687943	456	319.527	34	904.981
NODE_139_length_454_cov_6.270784	454	317.527	75	2008.86
NODE_140_length_453_cov_3.821429	453	316.527	48	1289.73
NODE_141_length_446_cov_11.215496	446	309.558	132	3626.6
NODE_142_length_445_cov_1.750000	445	308.589	21	578.77
NODE_143_length_443_cov_3.309756	443	306.589	41	1137.35
NODE_144_length_442_cov_5.334963	442	305.589	63	1753.36
NODE_145_length_442_cov_3.797066	442	305.589	44	1224.57
NODE_146_length_442_cov_2.283619	442	305.589	29	807.101
NODE_147_length_442_cov_1.569682	442	305.589	27	751.439
NODE_148_length_432_cov_1.373434	432	295.68	20	575.276
NODE_149_length_431_cov_1.575377	431	294.68	20	577.228
NODE_150_length_429_cov_2.679293	429	292.68	30	871.759
NODE_151_length_428_cov_8.853165	428	291.709	102	2973.84
NODE_152_length_427_cov_1.796954	427	290.738	19	555.801
NODE_153_length_427_cov_1.416244	427	290.738	17	497.296
NODE_154_length_425_cov_3.076531	425	288.738	36	1060.39
NODE_155_length_422_cov_8.226221	422	285.738	88	2619.28
NODE_156_length_420_cov_5.286822	420	283.738	60	1798.46
NODE_157_length_420_cov_4.304910	420	283.738	48	1438.77
NODE_158_length_419_cov_10.943005	419	282.738	120	3609.65
NODE_159_length_417_cov_4.664062	417	280.738	56	1696.5
NODE_160_length_415_cov_14.248691	415	278.738	155	4729.37
NODE_161_length_413_cov_1.439474	413	276.738	17	522.454
NODE_162_length_407_cov_2.184492	407	270.738	25	785.341
NODE_163_length_406_cov_3.198391	406	269.738	33	1040.49
NODE_164_length_406_cov_1.812332	406	269.738	21	662.132
NODE_165_length_405_cov_2.102151	405	268.738	23	727.891
NODE_166_length_404_cov_5.115903	404	267.738	55	1747.11
NODE_167_length_404_cov_2.676550	404	267.738	31	984.735
NODE_168_length_403_cov_10.962162	403	266.765	115	3666.38
NODE_169_length_403_cov_3.083784	403	266.765	32	1020.21
NODE_170_length_402_cov_1.387534	402	265.765	19	608.029
NODE_171_length_401_cov_1.945652	401	264.765	23	738.815
NODE_172_length_400_cov_3.267030	400	263.791	36	1160.67
NODE_173_length_399_cov_2.595628	399	262.791	28	906.181
NODE_174_length_399_cov_2.002732	399	262.791	22	712
NODE_175_length_398_cov_2.386301	398	261.817	28	909.552
NODE_176_length_397_cov_7.695055	397	260.817	82	2673.9
NODE_177_length_396_cov_10.707989	396	259.817	114	3731.68
NODE_178_length_394_cov_2.243767	394	257.817	23	758.723
NODE_179_length_393_cov_1.280556	393	256.817	14	463.63
NODE_180_length_392_cov_1.501393	392	255.843	16	531.881
NODE_181_length_389_cov_4.581461	389	252.894	47	1580.62
NODE_182_length_388_cov_7.960563	388	251.894	87	2937.44
NODE_183_length_385_cov_14.556818	385	248.919	147	5022.59
NODE_184_length_385_cov_13.909091	385	248.919	143	4885.92
NODE_185_length_384_cov_29.433048	384	247.919	292	10017.1
NODE_186_length_384_cov_2.247863	384	247.919	25	857.627
NODE_187_length_382_cov_15.567335	382	245.943	154	5325.41
NODE_188_length_382_cov_1.954155	382	245.943	20	691.612
NODE_189_length_380_cov_19.435159	380	243.968	176	6135.47
NODE_190_length_380_cov_1.855908	380	243.968	21	732.073
NODE_191_length_379_cov_3.754335	379	242.968	38	1330.15
NODE_192_length_379_cov_3.182081	379	242.968	33	1155.13
NODE_193_length_379_cov_1.708092	379	242.968	18	630.073
NODE_194_length_376_cov_18.795918	376	239.992	183	6485.18
NODE_195_length_376_cov_3.148688	376	239.992	33	1169.46
NODE_196_length_374_cov_9.108504	374	237.992	91	3251.97
NODE_197_length_373_cov_3.082353	373	237.039	31	1112.27
NODE_198_length_373_cov_2.511765	373	237.039	28	1004.63
NODE_199_length_372_cov_4.348083	372	236.039	46	1657.45
NODE_200_length_371_cov_1.884615	371	235.039	23	832.252
NODE_201_length_370_cov_1.421365	370	234.039	16	581.431
NODE_202_length_369_cov_3.071429	369	233.063	31	1131.24
NODE_203_length_369_cov_1.854167	369	233.063	19	693.343
NODE_204_length_368_cov_1.791045	368	232.086	16	586.325
NODE_205_length_367_cov_0.991018	367	231.086	11	404.843
NODE_206_length_365_cov_16.253012	365	229.086	153	5680.16
NODE_207_length_364_cov_4.338369	364	228.086	41	1528.81
NODE_208_length_362_cov_2.841945	362	226.132	26	977.867
NODE_209_length_361_cov_1.500000	361	225.132	18	679.992
NODE_210_length_357_cov_15.771605	357	221.221	148	5689.88
NODE_211_length_356_cov_1.773994	356	220.221	19	733.775
NODE_212_length_353_cov_1.856250	353	217.221	17	665.603
NODE_213_length_351_cov_6.836478	351	215.221	63	2489.57
NODE_214_length_350_cov_6.940063	350	214.242	63	2500.94
NODE_215_length_350_cov_2.744479	350	214.242	28	1111.53
NODE_216_length_350_cov_2.211356	350	214.242	21	833.646
NODE_217_length_346_cov_6.357827	346	210.327	59	2385.74
NODE_218_length_346_cov_1.492013	346	210.327	14	566.108
NODE_219_length_345_cov_2.477564	345	209.327	23	934.478
NODE_220_length_344_cov_1.437299	344	208.348	13	530.665
NODE_221_length_343_cov_6.358065	343	207.39	57	2337.52
NODE_222_length_343_cov_5.125806	343	207.39	46	1886.42
NODE_223_length_343_cov_2.332258	343	207.39	26	1066.23
NODE_224_length_342_cov_2.980583	342	206.431	27	1112.39
NODE_225_length_341_cov_3.512987	341	205.431	31	1283.4
NODE_226_length_341_cov_1.396104	341	205.431	15	621
NODE_227_length_337_cov_4.654605	337	201.493	42	1772.79
NODE_228_length_337_cov_2.335526	337	201.493	20	844.186
NODE_229_length_337_cov_2.207237	337	201.493	23	970.814
NODE_230_length_336_cov_4.118812	336	200.513	36	1526.96
NODE_231_length_335_cov_4.764901	335	199.513	44	1875.64
NODE_232_length_334_cov_43.159468	334	198.513	371	15894.7
NODE_233_length_332_cov_1.615385	332	196.572	15	648.988
NODE_234_length_331_cov_1.802013	331	195.592	15	652.241
NODE_235_length_329_cov_19.462838	329	193.67	164	7201.94
NODE_236_length_329_cov_1.614865	329	193.67	15	658.714
NODE_237_length_328_cov_9.206780	328	192.689	57	2515.85
NODE_238_length_328_cov_1.610169	328	192.689	17	750.342
NODE_239_length_327_cov_1.452381	327	191.708	13	576.726
NODE_240_length_326_cov_3.740614	326	190.708	31	1382.48
NODE_241_length_325_cov_3.876712	325	189.766	30	1344.53
NODE_242_length_325_cov_3.794521	325	189.766	34	1523.8
NODE_243_length_324_cov_1.666667	324	188.823	15	675.623
NODE_244_length_323_cov_1.968966	323	187.898	17	769.473
NODE_245_length_322_cov_1.519031	322	186.936	22	1000.92
NODE_246_length_320_cov_7.104530	320	184.992	60	2758.45
NODE_247_length_320_cov_5.770035	320	184.992	47	2160.79
NODE_248_length_320_cov_2.860627	320	184.992	23	1057.41
NODE_249_length_319_cov_1.758741	319	184.01	18	831.95
NODE_250_length_318_cov_2.484211	318	183.066	21	975.617
NODE_251_length_316_cov_1.925795	316	181.157	18	845.054
NODE_252_length_314_cov_2.516014	314	179.157	21	996.902
NODE_253_length_314_cov_1.092527	314	179.157	10	474.715
NODE_254_length_310_cov_3.166065	310	175.335	25	1212.66
NODE_255_length_310_cov_2.039711	310	175.335	18	873.113
NODE_256_length_309_cov_5.173913	309	174.388	50	2438.49
NODE_257_length_308_cov_1.741818	308	173.458	16	784.5
NODE_258_length_305_cov_5.926471	305	170.51	46	2294.43
NODE_259_length_305_cov_2.886029	305	170.51	22	1097.34
NODE_260_length_305_cov_1.845588	305	170.51	18	897.821
NODE_261_length_305_cov_1.562500	305	170.51	12	598.547
NODE_262_length_304_cov_2.047970	304	169.527	19	953.194
NODE_263_length_304_cov_1.830258	304	169.527	17	852.858
NODE_264_length_303_cov_1.833333	303	168.578	17	857.659
NODE_265_length_303_cov_1.525926	303	168.578	13	655.857
NODE_266_length_302_cov_2.654275	302	167.595	23	1167.17
NODE_267_length_302_cov_2.171004	302	167.595	16	811.943
NODE_268_length_300_cov_2.651685	300	165.646	19	975.53
NODE_269_length_300_cov_1.677903	300	165.646	15	770.156
NODE_270_length_300_cov_1.599251	300	165.646	15	770.156
NODE_271_length_299_cov_2.199248	299	164.679	18	929.612
NODE_272_length_298_cov_1.939623	298	163.762	16	830.95
NODE_273_length_297_cov_1.628788	297	162.828	14	731.252
NODE_274_length_296_cov_1.513308	296	161.844	13	683.147
NODE_275_length_294_cov_1.919540	294	159.925	16	850.884
NODE_276_length_292_cov_2.907336	292	157.957	28	1507.6
NODE_277_length_289_cov_1.539062	289	155.036	12	658.288
NODE_278_length_289_cov_1.531250	289	155.036	13	713.145
NODE_279_length_289_cov_1.308594	289	155.036	10	548.573
NODE_280_length_288_cov_2.254902	288	154.083	19	1048.74
NODE_281_length_288_cov_1.603922	288	154.083	14	772.754
NODE_282_length_287_cov_5.622047	287	153.114	44	2444.02
NODE_283_length_286_cov_10.146245	286	152.145	72	4024.79
NODE_284_length_286_cov_1.577075	286	152.145	14	782.597
NODE_285_length_284_cov_2.135458	284	150.252	19	1075.48
NODE_286_length_284_cov_2.131474	284	150.252	16	905.665
NODE_287_length_282_cov_1.811245	282	148.312	18	1032.2
NODE_288_length_282_cov_1.714859	282	148.312	17	974.853
NODE_289_length_281_cov_20.487903	281	147.342	145	8369.67
NODE_290_length_280_cov_1.728745	280	146.372	16	929.671
NODE_291_length_279_cov_29.971545	279	145.402	208	12166.4
NODE_292_length_279_cov_3.215447	279	145.402	25	1462.31
NODE_293_length_279_cov_1.776423	279	145.402	13	760.4
NODE_294_length_279_cov_1.646341	279	145.402	14	818.892
NODE_295_length_279_cov_1.227642	279	145.402	9	526.43
NODE_296_length_278_cov_1.840816	278	144.402	16	942.357
NODE_297_length_277_cov_1.258197	277	143.416	18	1067.44
NODE_298_length_276_cov_1.699588	276	142.46	14	835.803
NODE_299_length_272_cov_1.355649	272	138.602	9	552.257
NODE_300_length_271_cov_2.411765	271	137.63	17	1050.52
NODE_301_length_270_cov_3.046414	270	136.685	21	1306.67
NODE_302_length_269_cov_1.313559	269	135.754	12	751.786
NODE_303_length_268_cov_6.446809	268	134.796	33	2082.12
NODE_304_length_268_cov_3.242553	268	134.796	24	1514.27
NODE_305_length_268_cov_2.991489	268	134.796	24	1514.27
NODE_306_length_268_cov_2.421277	268	134.796	18	1135.7
NODE_307_length_268_cov_1.425532	268	134.796	11	694.04
NODE_308_length_267_cov_2.786325	267	133.809	20	1271.19
NODE_309_length_267_cov_1.995726	267	133.809	15	953.394
NODE_310_length_267_cov_1.598291	267	133.809	11	699.156
NODE_311_length_266_cov_2.334764	266	132.863	18	1152.22
NODE_312_length_266_cov_2.270386	266	132.863	18	1152.22
NODE_313_length_266_cov_1.909871	266	132.863	14	896.169
NODE_314_length_265_cov_1.918103	265	131.931	14	902.505
NODE_315_length_265_cov_1.758621	265	131.931	12	773.576
NODE_316_length_264_cov_2.865801	264	130.957	27	1753.48
NODE_317_length_263_cov_3.060870	263	130.024	28	1831.48
NODE_318_length_263_cov_2.534783	263	130.024	19	1242.79
NODE_319_length_263_cov_2.021739	263	130.024	12	784.922
NODE_320_length_262_cov_6.222707	262	129.076	22	1449.58
NODE_321_length_262_cov_2.340611	262	129.076	18	1186.02
NODE_322_length_262_cov_1.414847	262	129.076	12	790.682
NODE_323_length_261_cov_2.122807	261	128.103	15	995.866
NODE_324_length_261_cov_1.557018	261	128.103	12	796.693
NODE_325_length_261_cov_1.245614	261	128.103	10	663.911
NODE_326_length_261_cov_1.184211	261	128.103	8	531.129
NODE_327_length_261_cov_1.162281	261	128.103	9	597.52
NODE_328_length_260_cov_5.140969	260	127.193	33	2206.57
NODE_329_length_260_cov_2.757709	260	127.193	19	1270.45
NODE_330_length_260_cov_1.643172	260	127.193	14	936.118
NODE_331_length_260_cov_1.414097	260	127.193	10	668.656
NODE_332_length_260_cov_1.013216	260	127.193	7	468.059
NODE_333_length_259_cov_5.575221	259	126.219	37	2493.12
NODE_334_length_259_cov_1.672566	259	126.219	12	808.58
NODE_335_length_259_cov_1.216814	259	126.219	9	606.435
NODE_336_length_258_cov_3.324444	258	125.322	22	1493.01
NODE_337_length_257_cov_3.580357	257	124.398	25	1709.2
NODE_338_length_257_cov_2.491071	257	124.398	19	1299
NODE_339_length_257_cov_2.232143	257	124.398	15	1025.52
NODE_340_length_257_cov_2.049107	257	124.398	16	1093.89
NODE_341_length_257_cov_1.906250	257	124.398	12	820.418
NODE_342_length_256_cov_1.286996	256	123.449	10	688.94
NODE_343_length_255_cov_1.211712	255	122.474	9	624.982
NODE_344_length_254_cov_1.656109	254	121.523	12	839.825
NODE_345_length_254_cov_1.257919	254	121.523	9	629.869
NODE_346_length_253_cov_2.090909	253	120.598	15	1057.84
NODE_347_length_252_cov_17.630137	252	119.647	109	7748.07
NODE_348_length_252_cov_8.634703	252	119.647	53	3767.41
NODE_349_length_252_cov_8.630137	252	119.647	49	3483.08
NODE_350_length_252_cov_1.301370	252	119.647	8	568.666
NODE_351_length_251_cov_1.600917	251	118.695	10	716.529
NODE_352_length_250_cov_2.271889	250	117.804	22	1588.29
NODE_353_length_250_cov_1.820276	250	117.804	14	1010.73
NODE_354_length_249_cov_3.518519	249	116.876	22	1600.9
NODE_355_length_249_cov_2.300926	249	116.876	14	1018.76
NODE_356_length_249_cov_2.148148	249	116.876	14	1018.76
NODE_357_length_248_cov_1.502326	248	115.971	12	880.031
NODE_358_length_247_cov_1.261682	247	115.019	9	665.49
NODE_359_length_247_cov_1.004673	247	115.019	7	517.603
NODE_360_length_246_cov_1.596244	246	114.066	12	894.734
NODE_361_length_245_cov_3.575472	245	113.136	24	1804.18
NODE_362_length_245_cov_1.438679	245	113.136	10	751.741
NODE_363_length_245_cov_1.193396	245	113.136	9	676.567
NODE_364_length_244_cov_3.516588	244	112.193	21	1591.91
NODE_365_length_242_cov_1.966507	242	110.307	16	1233.62
NODE_366_length_242_cov_1.354067	242	110.307	10	771.014
NODE_367_length_241_cov_13.860577	241	109.432	85	6606.07
NODE_368_length_241_cov_4.697115	241	109.432	30	2331.56
NODE_369_length_241_cov_3.836538	241	109.432	23	1787.53
NODE_370_length_241_cov_2.134615	241	109.432	15	1165.78
NODE_371_length_241_cov_1.206731	241	109.432	7	544.03
NODE_372_length_241_cov_1.028846	241	109.432	7	544.03
NODE_373_length_240_cov_4.618357	240	108.51	27	2116.22
NODE_374_length_240_cov_2.797101	240	108.51	18	1410.81
NODE_375_length_240_cov_1.009662	240	108.51	7	548.65
NODE_376_length_239_cov_3.203883	239	107.577	21	1660.23
NODE_377_length_239_cov_2.140777	239	107.577	13	1027.76
NODE_378_length_239_cov_1.543689	239	107.577	9	711.527
NODE_379_length_239_cov_1.383495	239	107.577	10	790.586
NODE_380_length_238_cov_2.239024	238	106.643	13	1036.76
NODE_381_length_238_cov_2.092683	238	106.643	12	957.01
NODE_382_length_238_cov_1.482927	238	106.643	9	717.758
NODE_383_length_237_cov_2.034314	237	105.687	14	1126.61
NODE_384_length_237_cov_2.019608	237	105.687	12	965.669
NODE_385_length_237_cov_0.892157	237	105.687	6	482.835
NODE_386_length_236_cov_1.433498	236	104.741	10	811.991
NODE_387_length_236_cov_1.305419	236	104.741	11	893.19
NODE_388_length_236_cov_1.118227	236	104.741	8	649.593
NODE_389_length_234_cov_1.442786	234	102.902	10	826.504
NODE_390_length_234_cov_1.328358	234	102.902	8	661.203
NODE_391_length_233_cov_2.745000	233	101.976	16	1334.41
NODE_392_length_233_cov_1.675000	233	101.976	11	917.41
NODE_393_length_233_cov_0.955000	233	101.976	8	667.207
NODE_394_length_232_cov_0.783920	232	101.06	6	504.941
NODE_395_length_231_cov_1.520202	231	100.101	11	934.589
NODE_396_length_231_cov_1.267677	231	100.101	8	679.701
NODE_397_length_230_cov_1.827411	230	99.1631	11	943.431
NODE_398_length_230_cov_1.700508	230	99.1631	11	943.431
NODE_399_length_230_cov_1.639594	230	99.1631	9	771.898
NODE_400_length_230_cov_1.532995	230	99.1631	11	943.431
NODE_401_length_229_cov_2.081633	229	98.2653	15	1298.25
NODE_402_length_229_cov_2.005102	229	98.2653	12	1038.6
NODE_403_length_229_cov_1.556122	229	98.2653	10	865.501
NODE_404_length_228_cov_3.364103	228	97.3362	19	1660.15
NODE_405_length_228_cov_1.943590	228	97.3362	12	1048.51
NODE_406_length_228_cov_1.379487	228	97.3362	9	786.386
NODE_407_length_227_cov_2.448454	227	96.3864	14	1235.32
NODE_408_length_227_cov_1.969072	227	96.3864	11	970.609
NODE_409_length_227_cov_1.922680	227	96.3864	13	1147.08
NODE_410_length_226_cov_1.388601	226	95.476	12	1068.94
NODE_411_length_226_cov_1.062176	226	95.476	8	712.629
NODE_412_length_225_cov_4.078125	225	94.5549	25	2248.66
NODE_413_length_225_cov_2.229167	225	94.5549	15	1349.2
NODE_414_length_225_cov_1.572917	225	94.5549	10	899.463
NODE_415_length_224_cov_3.968586	224	93.6429	24	2179.74
NODE_416_length_224_cov_2.356021	224	93.6429	14	1271.51
NODE_417_length_224_cov_1.115183	224	93.6429	8	726.579
NODE_418_length_223_cov_1.778947	223	92.7204	11	1008.99
NODE_419_length_223_cov_1.194737	223	92.7204	9	825.533
NODE_420_length_222_cov_1.714286	222	91.7972	9	833.836
NODE_421_length_222_cov_1.412698	222	91.7972	9	833.836
NODE_422_length_222_cov_1.280423	222	91.7972	8	741.187
NODE_423_length_221_cov_1.840426	221	90.9019	12	1122.73
NODE_424_length_221_cov_1.239362	221	90.9019	8	748.487
NODE_425_length_219_cov_2.666667	219	89.1655	20	1907.66
NODE_426_length_219_cov_2.510753	219	89.1655	15	1430.74
NODE_427_length_219_cov_1.731183	219	89.1655	11	1049.21
NODE_428_length_219_cov_1.419355	219	89.1655	9	858.447
NODE_429_length_219_cov_1.241935	219	89.1655	6	572.298
NODE_430_length_218_cov_4.102703	218	88.2304	23	2217.06
NODE_431_length_218_cov_3.421622	218	88.2304	21	2024.27
NODE_432_length_218_cov_1.908108	218	88.2304	12	1156.73
NODE_433_length_217_cov_1.445652	217	87.3222	8	779.171
NODE_434_length_216_cov_12.420765	216	86.4315	44	4329.6
NODE_435_length_216_cov_3.748634	216	86.4315	20	1968
NODE_436_length_216_cov_1.174863	216	86.4315	7	688.801
NODE_437_length_215_cov_1.912088	215	85.5036	13	1293.08
NODE_438_length_215_cov_1.456044	215	85.5036	9	895.211
NODE_439_length_214_cov_5.872928	214	84.6107	31	3116.04
NODE_440_length_214_cov_4.220994	214	84.6107	21	2110.87
NODE_441_length_214_cov_3.729282	214	84.6107	21	2110.87
NODE_442_length_214_cov_2.541436	214	84.6107	15	1507.76
NODE_443_length_213_cov_4.672222	213	83.7346	24	2437.66
NODE_444_length_213_cov_4.505556	213	83.7346	24	2437.66
NODE_445_length_213_cov_1.788889	213	83.7346	9	914.124
NODE_446_length_213_cov_1.766667	213	83.7346	15	1523.54
NODE_447_length_213_cov_1.744444	213	83.7346	13	1320.4
NODE_448_length_213_cov_1.688889	213	83.7346	9	914.124
NODE_449_length_212_cov_2.111732	212	82.831	12	1232.13
NODE_450_length_212_cov_1.865922	212	82.831	14	1437.48
NODE_451_length_212_cov_1.279330	212	82.831	8	821.418
NODE_452_length_212_cov_1.268156	212	82.831	9	924.096
NODE_453_length_211_cov_3.573034	211	81.9613	12	1245.2
NODE_454_length_211_cov_2.179775	211	81.9613	12	1245.2
NODE_455_length_211_cov_1.466292	211	81.9613	9	933.902
NODE_456_length_210_cov_2.293785	210	81.0301	12	1259.51
NODE_457_length_210_cov_1.372881	210	81.0301	9	944.635
NODE_458_length_210_cov_1.220339	210	81.0301	8	839.675
NODE_459_length_210_cov_1.209040	210	81.0301	7	734.716
NODE_460_length_209_cov_2.045455	209	80.1322	14	1485.9
NODE_461_length_209_cov_1.528409	209	80.1322	5	530.677
NODE_462_length_209_cov_1.022727	209	80.1322	7	742.948
NODE_463_length_208_cov_2.194286	208	79.2755	11	1180.11
NODE_464_length_208_cov_1.920000	208	79.2755	10	1072.82
NODE_465_length_208_cov_1.108571	208	79.2755	6	643.694
NODE_466_length_207_cov_2.965517	207	78.4008	16	1735.67
NODE_467_length_207_cov_1.931034	207	78.4008	13	1410.23
NODE_468_length_207_cov_1.643678	207	78.4008	9	976.314
NODE_469_length_207_cov_1.511494	207	78.4008	9	976.314
NODE_470_length_207_cov_1.448276	207	78.4008	7	759.356
NODE_471_length_207_cov_1.402299	207	78.4008	7	759.356
NODE_472_length_206_cov_4.520231	206	77.5248	24	2632.92
NODE_473_length_205_cov_1.982558	205	76.6067	11	1221.22
NODE_474_length_205_cov_1.151163	205	76.6067	6	666.119
NODE_475_length_204_cov_2.146199	204	75.7932	11	1234.33
NODE_476_length_204_cov_1.643275	204	75.7932	9	1009.9
NODE_477_length_203_cov_2.264706	203	74.9137	10	1135.29
NODE_478_length_202_cov_3.627219	202	74.0649	28	3215.24
NODE_479_length_202_cov_2.278107	202	74.0649	12	1377.96
NODE_480_length_202_cov_2.059172	202	74.0649	11	1263.13
NODE_481_length_202_cov_1.579882	202	74.0649	11	1263.13
NODE_482_length_202_cov_1.384615	202	74.0649	7	803.809
NODE_483_length_202_cov_1.272189	202	74.0649	8	918.639
NODE_484_length_202_cov_1.171598	202	74.0649	6	688.979
NODE_485_length_202_cov_1.165680	202	74.0649	8	918.639
NODE_486_length_201_cov_2.083333	201	73.1752	12	1394.71
NODE_487_length_201_cov_1.285714	201	73.1752	7	813.583
NODE_488_length_199_cov_1.596386	199	71.3764	8	953.241
NODE_489_length_199_cov_1.512048	199	71.3764	9	1072.4
NODE_490_length_199_cov_1.367470	199	71.3764	7	834.086
NODE_491_length_198_cov_2.284848	198	70.4907	13	1568.48
NODE_492_length_198_cov_2.060606	198	70.4907	12	1447.83
NODE_493_length_198_cov_1.848485	198	70.4907	10	1206.52
NODE_494_length_198_cov_1.745455	198	70.4907	9	1085.87
NODE_495_length_198_cov_1.624242	198	70.4907	8	965.218
NODE_496_length_198_cov_1.418182	198	70.4907	7	844.566
NODE_497_length_197_cov_2.036585	197	69.5962	10	1222.03
NODE_498_length_197_cov_1.310976	197	69.5962	7	855.42
NODE_499_length_197_cov_1.304878	197	69.5962	7	855.42
NODE_500_length_196_cov_1.435583	196	68.7006	8	990.369
NODE_501_length_195_cov_3.604938	195	67.8997	7	876.794
NODE_502_length_195_cov_1.876543	195	67.8997	9	1127.31
NODE_503_length_195_cov_1.660494	195	67.8997	9	1127.31
NODE_504_length_195_cov_1.450617	195	67.8997	9	1127.31
NODE_505_length_195_cov_1.320988	195	67.8997	7	876.794
NODE_506_length_195_cov_0.882716	195	67.8997	8	1002.05
NODE_507_length_194_cov_2.267081	194	67.0019	13	1650.15
NODE_508_length_194_cov_1.894410	194	67.0019	10	1269.35
NODE_509_length_193_cov_1.456250	193	66.1679	7	899.742
NODE_510_length_193_cov_1.337500	193	66.1679	6	771.208
NODE_511_length_193_cov_0.900000	193	66.1679	4	514.139
NODE_512_length_192_cov_1.767296	192	65.3394	10	1301.64
NODE_513_length_192_cov_1.566038	192	65.3394	10	1301.64
NODE_514_length_192_cov_1.276730	192	65.3394	9	1171.48
NODE_515_length_192_cov_1.238994	192	65.3394	7	911.151
NODE_516_length_192_cov_1.213836	192	65.3394	8	1041.32
NODE_517_length_192_cov_1.125786	192	65.3394	7	911.151
NODE_518_length_191_cov_2.037975	191	64.4808	9	1187.08
NODE_519_length_191_cov_1.588608	191	64.4808	9	1187.08
NODE_520_length_191_cov_1.518987	191	64.4808	9	1187.08
NODE_521_length_191_cov_1.139241	191	64.4808	7	923.283
NODE_522_length_190_cov_1.318471	190	63.6698	12	1602.93
NODE_523_length_190_cov_1.025478	190	63.6698	6	801.467
NODE_524_length_189_cov_2.512821	189	62.836	12	1624.2
NODE_525_length_189_cov_2.025641	189	62.836	10	1353.5
NODE_526_length_189_cov_1.711538	189	62.836	8	1082.8
NODE_527_length_189_cov_1.384615	189	62.836	9	1218.15
NODE_528_length_189_cov_1.250000	189	62.836	9	1218.15
NODE_529_length_189_cov_1.243590	189	62.836	7	947.452
NODE_530_length_189_cov_0.923077	189	62.836	5	676.751
NODE_531_length_188_cov_2.670968	188	61.9661	12	1647
NODE_532_length_188_cov_2.206452	188	61.9661	11	1509.75
NODE_533_length_188_cov_1.877419	188	61.9661	11	1509.75
NODE_534_length_188_cov_1.703226	188	61.9661	9	1235.25
NODE_535_length_188_cov_1.496774	188	61.9661	8	1098
NODE_536_length_187_cov_2.077922	187	61.1422	12	1669.2
NODE_537_length_187_cov_1.941558	187	61.1422	12	1669.2
NODE_538_length_187_cov_1.753247	187	61.1422	8	1112.8
NODE_539_length_187_cov_1.506494	187	61.1422	8	1112.8
NODE_540_length_187_cov_1.285714	187	61.1422	7	973.699
NODE_541_length_187_cov_1.149351	187	61.1422	7	973.699
NODE_542_length_187_cov_1.136364	187	61.1422	6	834.599
NODE_543_length_186_cov_1.052288	186	60.3096	6	846.12
NODE_544_length_185_cov_1.631579	185	59.4885	9	1286.7
NODE_545_length_185_cov_1.381579	185	59.4885	7	1000.76
NODE_546_length_185_cov_1.157895	185	59.4885	6	857.799
NODE_547_length_185_cov_1.138158	185	59.4885	6	857.799
NODE_548_length_184_cov_3.695364	184	58.5998	16	2322.15
NODE_549_length_184_cov_2.907285	184	58.5998	14	2031.88
NODE_550_length_184_cov_2.715232	184	58.5998	12	1741.62
NODE_551_length_184_cov_2.105960	184	58.5998	9	1306.21
NODE_552_length_184_cov_2.013245	184	58.5998	10	1451.35
NODE_553_length_184_cov_1.860927	184	58.5998	11	1596.48
NODE_554_length_184_cov_1.788079	184	58.5998	9	1306.21
NODE_555_length_184_cov_1.503311	184	58.5998	8	1161.08
NODE_556_length_184_cov_1.390728	184	58.5998	7	1015.94
NODE_557_length_165_cov_1.772727	165	43.5277	8	1563.12
NODE_558_length_152_cov_13.621849	152	34.0426	17	4247.11
NODE_559_length_143_cov_17.063636	143	28.0835	22	6662.52
NODE_560_length_139_cov_1.622642	139	25.5792	8	2659.94
NODE_561_length_99_cov_1.469697	99	11.0937	5	3833.21
NODE_562_length_90_cov_9.526316	90	10.5193	13	10510.5
NODE_563_length_87_cov_2.777778	87	10.6011	7	5615.83
NODE_564_length_84_cov_457.745098	84	10.7245	66	52339.9
NODE_565_length_75_cov_0.785714	75	14.1579	1	600.715
NODE_566_length_72_cov_0.897436	72	16.4242	2	1035.65
NODE_567_length_72_cov_0.871795	72	16.4242	2	1035.65
NODE_568_length_69_cov_2.583333	69	17.3846	7	3424.53
NODE_569_length_66_cov_170.575758	66	19.075	53	23630.8
NODE_570_length_60_cov_209.481481	60	18.9655	10	4484.38
NODE_571_length_60_cov_1.185185	60	18.9655	2	896.877
NODE_572_length_57_cov_1.333333	57	17.9231	1	474.52
NODE_573_length_54_cov_0.857143	54	17.1304	1	496.477
NODE_574_length_51_cov_26.777778	51	15.619	7.7561	4223.34
NODE_575_length_51_cov_3.000000	51	15.619	3	1633.56
NODE_576_length_51_cov_1.944444	51	15.619	2	1089.04
NODE_577_length_49_cov_358.062500	49	15.0526	10	5650.09
NODE_578_length_48_cov_129.466667	48	14.8333	1	573.362
NODE_579_length_46_cov_337.461538	46	15.4	7	3865.85
NODE_580_length_45_cov_3.833333	45	14.4	3	1771.85
NODE_581_length_45_cov_1.666667	45	14.4	2	1181.23
NODE_582_length_45_cov_1.000000	45	14.4	1	590.616
NODE_583_length_42_cov_6.444444	42	17.6	4	1932.92
NODE_584_length_42_cov_2.000000	42	17.6	1	483.231
NODE_585_length_42_cov_1.111111	42	17.6	0	0
NODE_586_length_39_cov_27.333333	39	18.375	0	0
NODE_587_length_39_cov_21.000000	39	18.375	0	0
NODE_588_length_39_cov_16.333333	39	18.375	3	1388.55
NODE_589_length_39_cov_8.333333	39	18.375	0	0
NODE_590_length_39_cov_3.666667	39	18.375	2	925.7
NODE_591_length_39_cov_1.333333	39	18.375	1	462.85
NODE_592_length_38_cov_486.000000	38	17.375	0	0
NODE_593_length_38_cov_469.600000	38	17.375	8.81619	4315.42
NODE_594_length_38_cov_18.000000	38	17.375	0	0
NODE_595_length_38_cov_16.400000	38	17.375	0	0
NODE_596_length_38_cov_15.000000	38	17.375	0	0
NODE_597_length_38_cov_15.000000	38	17.375	0	0
NODE_598_length_38_cov_12.000000	38	17.375	0	0
NODE_599_length_38_cov_6.600000	38	17.375	0	0
NODE_600_length_38_cov_6.000000	38	17.375	0	0
NODE_601_length_38_cov_4.000000	38	17.375	0	0
NODE_602_length_38_cov_4.000000	38	17.375	0	0
NODE_603_length_37_cov_603.750000	37	16.375	0	0
NODE_604_length_37_cov_182.000000	37	16.375	0	0
NODE_605_length_37_cov_12.000000	37	16.375	0	0
NODE_606_length_37_cov_5.000000	37	16.375	0	0
NODE_607_length_37_cov_4.000000	37	16.375	0	0
NODE_608_length_37_cov_4.000000	37	16.375	0	0
NODE_609_length_36_cov_374.666667	36	15.375	0	0
NODE_610_length_36_cov_95.666667	36	15.375	0	0
NODE_611_length_36_cov_87.000000	36	15.375	0	0
NODE_612_length_36_cov_57.666667	36	15.375	0	0
NODE_613_length_36_cov_21.333333	36	15.375	0	0
NODE_614_length_36_cov_14.000000	36	15.375	0	0
NODE_615_length_36_cov_10.000000	36	15.375	0	0
NODE_616_length_36_cov_1.666667	36	15.375	2	1106.32
NODE_617_length_35_cov_2304.500000	35	16.4286	1	517.687
NODE_618_length_35_cov_1930.500000	35	16.4286	0	0
NODE_619_length_35_cov_113.000000	35	16.4286	0	0
NODE_620_length_35_cov_101.000000	35	16.4286	0	0
NODE_621_length_35_cov_68.000000	35	16.4286	0	0
NODE_622_length_35_cov_12.000000	35	16.4286	1	517.687
NODE_623_length_34_cov_2901.000000	34	15.4286	12.4948	6887.64
NODE_624_length_34_cov_1951.000000	34	15.4286	0	0
NODE_625_length_34_cov_678.000000	34	15.4286	10.9329	6026.68
NODE_626_length_34_cov_619.000000	34	15.4286	0	0
NODE_627_length_34_cov_476.000000	34	15.4286	0	0
NODE_628_length_34_cov_188.000000	34	15.4286	0	0
NODE_629_length_34_cov_127.000000	34	15.4286	2	1102.48
NODE_630_length_34_cov_119.000000	34	15.4286	1	551.241
NODE_631_length_34_cov_79.000000	34	15.4286	0	0
NODE_632_length_34_cov_49.000000	34	15.4286	2	1102.48
NODE_633_length_34_cov_23.000000	34	15.4286	0	0
NODE_634_length_34_cov_21.000000	34	15.4286	0	0
NODE_635_length_34_cov_21.000000	34	15.4286	0	0
NODE_636_length_34_cov_14.000000	34	15.4286	0	0
NODE_637_length_34_cov_1.000000	34	15.4286	0	0
